Nombre	ID de Drive	Tipo
tres cruces	1xH2T47XdFa8ihPlCIcjXz0HdbZsfcxQa	imagen
mundo espacial	1E_F0NY_Y-MNfE0XpP0j8Ye6w6kcbWXbw	imagen
cielo de estrellas	18K0mU3PmlC2QNW5BHw-3qCwLpsOIesCZ	imagen
cruz acuarela	18fQtRwiMBpYG-nX4HRnNqNWKfFqAi8jL	imagen
cruz brillante	1w1-6gnLezsydDh7QciwMRpuwpnsx2YHS	imagen
amanecer amarillo	1HHaXILgIpzIOtO2vaCwwOZK6pm8mBhqw	imagen
flor colores	1_xwOBazei5C7eyMjdC6OwPEo6rGsnfKe	imagen
agua pino cielo	1_UDSX40T7V_-HzjTfTKgdb8bozUpI6M9	imagen
cruz horizonte	1a_J5jofyiSilsOT9xAbobHzbJ1zsCx_L	imagen
